,jasmin_name,name,ID,country,geodetic_measurements,deformation_observation,duration_of_observation,characteristics_of_deformation,latitude,longitude,measurement_methods,inferred_causes,references,Area,frames
17,,Al Harrah,231001.0,Saudi Arabia,No,,,"<p class=""p1"">A national seismic network is located in Saudi Arabia and the Saudi Geological Survey monitor some Holocene volcanoes in the country.</p>
",31.08,38.42,No measurements,[],['Smithsonian Institution Global Volcanism Program<br />\nhttp://www.volcano.si.edu/volcano.cfm?vn=231001'],Middle East and Indian Ocean,
18,,Harrat Ash Shamah,231001.0,Syria - Jordan - Saudi Arabia,No,,,"<p>The Harrat Ash Shaam volcanic province (HASV) is the largest volcanic field in the Arabian plate</p>
",37.583,1100.0,No measurements,[],"['Almalki, K. A., Betts, P. G., & Ailleres, L. (2015). The Red Sea–50 years of geological and geophysical research. Earth-Science Reviews, 147, 109-140.']",Middle East and Indian Ocean,
95,bagana,Bagana,259010.0,Papua New Guinea,No,,,"<p>Bagana is a large cone, and one of Melanesia&#8217;s youngest and most active volcanoes. The volcano was continuously erupting between 2000 and 2015, and then again in 2016. This is in addition to numerous eruptions throughout the 20th century. These eruptions were predominantly andesitic lava flows from the summit crater, although occasional pyroclastic flows occur. No geodetic measurements have been made at this volcano however.</p>
",-6.1370000000000005,155.196,No measurements,[],['Smithsonian Institution Global Volcanism Program<br />\nhttp://www.volcano.si.edu/volcano.cfm?vn=259010'],Melanesia and Australia,"{u'frames': [{u'track': u'96', u'id': u'096A_09625_110000'}, {u'track': u'169', u'id': u'169A_09593_000011'}], u'region': u'oceania'}"
96,bagana,Newer Volcanic Province,259010.0,Australia,No,,,"<p>No deformation has been observed at the Newer Volcanics Province (NVP). The NVP is a collection of ~400 small shield volcanoes that cover an area of 15,000 sq km. The most recent eruption, thought to be from Mt Gambier, occurred 2900 +/- 150 BC.<br />
See http://www.volcano.si.edu/volcano.cfm?vn=259010 for the full list of named features and synonyms for this volcano.</p>
",-37.77,142.5,No measurements,[],['Smithsonian Institution Global Volcanism Program<br />\nhttp://www.volcano.si.edu/volcano.cfm?vn=259010'],Melanesia and Australia,"{u'frames': [{u'track': u'96', u'id': u'096A_09625_110000'}, {u'track': u'169', u'id': u'169A_09593_000011'}], u'region': u'oceania'}"
113,barva,Barva,345050.0,Costa Rica,Yes,No,2007-2010,"<p><span style=""color: #333333;"">No deformation was detected at Barva (detection threshold 2 cm/yr) during an ALOS survey of Central American volcanoes (</span><em style=""color: #333333;"">Ebmeier et al., 2013</em><span style=""color: #333333;"">).</span></p>
",10.135,-84.1,InSAR,[],"['Ebmeier, S. K., J. Biggs, T. A. Mather, and F. Amelung (2013), On the lack of InSAR observations of magmatic deformation at Central American volcanoes, J. Geophys. Res. Solid Earth, 118, 2571–2585, doi:10.1002/jgrb.50195.']",Mexico and Central America,"{u'frames': [{u'track': u'84', u'id': u'084D_08014_091312'}, {u'track': u'92', u'id': u'092A_08082_061213'}], u'region': u'central_america'}"
114,barva,Poás,345050.0,Costa Rica,Yes,No,2007-2010,"<p><span style=""color: #333333;"">No deformation was detected at Poás (detection threshold 0.9 cm/yr) during an ALOS survey of Central American volcanoes (</span><em style=""color: #333333;"">Ebmeier et al., 2013</em><span style=""color: #333333;"">).</span><br />
&nbsp;<br />
&nbsp;</p>
",10.2,-84.23299999999999,InSAR,[],"['Ebmeier, S. K., J. Biggs, T. A. Mather, and F. Amelung (2013), On the lack of InSAR observations of magmatic deformation at Central American volcanoes, J. Geophys. Res. Solid Earth, 118, 2571–2585, doi:10.1002/jgrb.50195.']",Mexico and Central America,"{u'frames': [{u'track': u'84', u'id': u'084D_08014_091312'}, {u'track': u'92', u'id': u'092A_08082_061213'}], u'region': u'central_america'}"
136,,Biu Plateau,224050.0,Nigeria,No,,,,10.75,12.0,No measurements,[],['.'],Africa and Red Sea,
137,,Biu Plateau,224050.0,Nigeria,No,,,,10.75,12.088,No measurements,[],['http://volcano.si.edu/volcano.cfm?vn=224050'],Africa and Red Sea,
140,black_rock_desert,Black Rock Desert,327050.0,USA,No,,,,38.97,-112.5,No measurements,[],['.'],Canada and Western USA,"{u'frames': [{u'track': u'20', u'id': u'020A_05163_131313'}, {u'track': u'100', u'id': u'100D_05113_131313'}], u'region': u'north_america'}"
141,black_rock_desert,Black Rock Desert,327050.0,United States,No,,,,38.97,-112.5,No measurements,[],['U.S. Geological Survey Volcano Hazards Program<br />\nhttps://volcanoes.usgs.gov/volcanoes/black_rock_desert/'],Canada and Western USA,"{u'frames': [{u'track': u'20', u'id': u'020A_05163_131313'}, {u'track': u'100', u'id': u'100D_05113_131313'}], u'region': u'north_america'}"
188,campi_flegrei,Campi Flegrei,211010.0,Italy,Yes,Yes,1905 to present,"<p><span style=""color: #333333;"">Volcano deformation has been measured at Campi Flegrei throughout its geological history, over varying timescales, alternating between uplift and subsidence phases. Geodetic measurements of ground elevation are available since 1905 and indicate episodes of ground uplift in 1953, 1969, and 1982, totalling approximately 4 m of vertical displacement (Del Gaudio et al., 2010).</span><br />
Significant episodes include the 1982-1984 of unrest, where up to 1.8 m vertical uplift occurred in the caldera at Pozzuoli. A slow deflation phase began in 1985, interrupted by minor uplift episodes of few cms, seismic swarms and degassing episodes in 1989, 2000, and 2004–2006.<br />
<span style=""color: #333333;"">Between 2005-2011, Campi Flegrei has been uplifting, at a rate of 1 cm/yr. In 2011, the rate of uplift increased, reaching</span><span style=""color: #333333;""> 9 cm/yr in 2012 in Pozzuoli, as registered by the Neapolitan Volcanoes Continuous GPS (NeVoCGPS) network operating in the Neapolitan volcanic districts.</span><br />
Episodic pulsed inflations of the caldera floor have led to gas injections into the hydrothermal system, accompanied by seismic swarms shallower than 2–3 km depth.<br />
&nbsp;<br />
&nbsp;</p>
",40.827,14.139000000000001,"InSAR, GPS - continuous, GPS - campaign, Levelling, Strainmeter, Tiltmeter, EDM, Gravity, Seismics","Hydrothermal, Magmatic, Magmatic, hydrothermal, gas","['C. Del Gaudio, I. Aquino, G.P. Ricciardi, C. Ricco, R. Scandone<br />\nUnrest episodes at Campi Flegrei: a reconstruction of vertical ground movements during 1905–2009<br />\nJ. Volcanol. Geotherm. Res., 195 (1) (2010), pp. 48–56 http://dx.doi.org/10.1016/j.jvolgeores.2010.05.014', 'Todesco, M., Costa, A., Comastri, A., Colleoni, F., Spada, G., & Quareni, F. (2014). Vertical ground displacement at Campi Flegrei (Italy) in the fifth century: Rapid subsidence driven by pore pressure drop. Geophysical Research Letters, 41(5), 1471-1478.', 'Smithsonian Institution Global Volcanism Program<br />\nhttp://www.volcano.si.edu/volcano.cfm?vn=211010']",Mediterranean and W. Asia,"{u'frames': [{u'track': u'22', u'id': u'022D_04826_121209'}, {u'track': u'44', u'id': u'044A_04912_081213'}, {u'track': u'124', u'id': u'124D_04855_131313'}], u'region': u'europe'}"
189,campi_flegrei,Vesuvius,211010.0,Italy,Yes,Yes,1992 to 2000,"<p><span style=""color: #333333;"">Lanari et al. (2002) present deformation data over the Somma-Vesuvius volcanic complex. The volcano is in a quiescent stage but  ground deformation</span> is characterized by continuous subsidence, revealed by ERS satellite data and levelling surveys, between 1992 and 2000.<br />
Deformation is mainly localized in two zones on  the Vesuvius cone and a narrow annular area that, although not fully continuously, extends around the base of the Somma edifice. The authors propose that the subsidence at both sites involces joint effects of gravitational sliding and extensional tectonic stress occurring at the contact between different lithological units.<br />
&nbsp;<br />
&nbsp;</p>
",40.821,14.425999999999998,"InSAR, Levelling, Tiltmeter, trilateration","Surface deposits, Faulting/tectonics","['Lanari, R., De Natale, G., Berardino, P., Sansosti, E., Ricciardi, G. P., Borgstrom, S., ... & Troise, C. (2002). Evidence for a peculiar style of ground deformation inferred at Vesuvius volcano. Geophysical Research Letters, 29(9), 6-1.', 'Smithsonian Institution Global Volcanism Program<br />\nhttp://www.volcano.si.edu/volcano.cfm?vn=211020']",Mediterranean and W. Asia,"{u'frames': [{u'track': u'22', u'id': u'022D_04826_121209'}, {u'track': u'44', u'id': u'044A_04912_081213'}, {u'track': u'124', u'id': u'124D_04855_131313'}], u'region': u'europe'}"
485,hualalai,Hualalai,332040.0,United States,No,,,,19.692,-155.87,No measurements,[],"['Global Volcanism Program, 2013. [Hualalai (332040)] in Volcanoes of the World, v. 4.5.0. Venzke, E (ed.). Smithsonian Institution. Downloaded 21 Jul 2016 ([http://volcano.si.edu/volcano.cfm?vn=332040]).<br />\n']",Hawaii and Pacific Ocean,"{u'frames': [{u'track': u'87', u'id': u'087D_07004_060904'}, {u'track': u'124', u'id': u'124A_07000_051306'}], u'region': u'pacific_island'}"
486,hululais,Hualalai,332040.0,United States,No,,,,19.692,-155.87,No measurements,[],"['Global Volcanism Program, 2013. [Hualalai (332040)] in Volcanoes of the World, v. 4.5.0. Venzke, E (ed.). Smithsonian Institution. Downloaded 21 Jul 2016 ([http://volcano.si.edu/volcano.cfm?vn=332040]).<br />\n']",Hawaii and Pacific Ocean,"{u'frames': [{u'track': u'18', u'id': u'018D_09287_131313'}, {u'track': u'69', u'id': u'069A_09283_080913'}], u'region': u'southeast_asia'}"
669,langjokull,Langjokull,311080.0,Iceland,Yes,No,,"<div class=""page"" title=""Page 1"">
<div class=""layoutArea"">
<div class=""column"">
The different snow and ice types on a glacier may be subdivided according to the glacier-facies concept. The surticial expression of some facies may be detected at the end ofthe balance year by the use ofvisible and near-infrared image data from the Landsat multispectral scanner (MSS) and thematic mapper (TM) sensors (Williams et al., 1991)<br />
The construction of digital elevation models (DEMs) of glaciers, ice caps, and ice sheets is an important application of remote sensing in glaciology. DEMs are used to determine mass balance via volume change (Haeberli et al. <span class=""ref-lnk"">1999</span>; Krabill et al. <span class=""ref-lnk"">1999</span>; Barrand et al.,), to delineate catchments of ice and water flow (Elvehøy, et al., 2009), and as inputs to hydrology and ice flow models (e.g. Kääb and Funk <span class=""ref-lnk"">1999</span>; Hubbard et al. <span class=""ref-lnk"">2000 </span>; Arnold et al. <span class=""ref-lnk"">2006b</span>; Joughin et al. <span class=""ref-lnk"">2009</span>). Remote-sensing technologies have been a boon to this field, reducing the effort needed for fieldwork and extending coverage to previously inaccessible locations. Satellite radar and laser altimetry have been particularly useful, because the techniques measure surface elevation directly (Bamber and Rivera <span class=""ref-lnk"">2007)</span>. Although satellite altimetry is highly accurate over large areas, its relatively low spatial resolution means it can only be used at the scale of large glaciated regions, ice caps, and ice sheets (Rignot et al., 2003; Zwally et al. <span class=""ref-lnk"">2005</span>; Pritchard et al. <span class=""ref-lnk"">2009</span>; Moholdt et al. <span class=""ref-lnk"">2010</span>). For this reason, higher resolution multispectral satellite imagery or airborne data are often used for studying smaller ice caps and mountain glaciers (Pope et al., 2013).
</div>
</div>
</div>
",64.85,-19.7,"InSAR, EDM, LiDAR",ArrayIce cap research / Glacier,"['Williams, R. S., Hall, D. K., & Benson, C. S. (1991). Analysis of glacier facies using satellite techniques. Journal of Glaciology, 37(125), 120-128.', 'Pope, A. J. (2009). Recent Changes to Langjökull Icecap, Iceland: An investigation integrating airborne LiDAR and satellite imagery (Doctoral dissertation, Scott Polar Research Institute, University of Cambridge).', 'Pope, A., Willis, I. C., Rees, W. G., Arnold, N. S., & Pálsson, F. (2013). Combining airborne lidar and Landsat ETM+ data with photoclinometry to produce a digital elevation model for Langjökull, Iceland. International journal of remote sensing, 34(4), 1005-1025.']",Iceland and Arctic Ocean,"{u'frames': [{u'track': u'9', u'id': u'009D_02426_131311'}, {u'track': u'16', u'id': u'016A_02563_081313'}, {u'track': u'155', u'id': u'155D_02469_131310'}], u'region': u'iceland'}"
670,langjokull,Tanaga,311080.0,United States,Yes,Yes,2004 - 2009,"<p>During October &#8211; November 2005, an episode of surface uplift (3 &#8211; 5 cm) occurred encompassing both Tanaga and Takawanga volcanoes. The broad region of uplift is modelled as a pressurising magma reservoir using a point source or a shallow-dipping prolate source that is elongate in the east-west direction. The source depth is inferred to be 5 &#8211; 8 km with a volume increase of 0.002 &#8211; 0.008 km³.</p>
",51.885,-178.146,InSAR,Magmatic,"['Lu, Z., and Dzurisin, D., 2014, InSAR imaging of Aleutian volcanoes: Chichester, UK, Springer-Praxis, 390 p.', 'U.S. Geological Survey Alaska Volcano Observatory (AVO) website<br />\nhttp://www.avo.alaska.edu/volcanoes/volcinfo.php?volcname=Tanaga']",Alaska,"{u'frames': [{u'track': u'9', u'id': u'009D_02426_131311'}, {u'track': u'16', u'id': u'016A_02563_081313'}, {u'track': u'155', u'id': u'155D_02469_131310'}], u'region': u'iceland'}"
674,larderello,Lardello,211001.0,Italy,No,,,"<p>Some microgravity measurements possibly published in Dini et al. (1995).</p>
",43.25,10.87,"No measurements, Gravity",[],"['Smithsonian Institution Global Volcanism Program<br />\nhttp://www.volcano.si.edu/volcano.cfm?vn=211001', 'Dini, I., Marson, I., Palmieri, F., Rossi, A.: Reinjection<br />\nMonitoring in the Larderello Geothermal Field Using<br />\nMicrogravity and Topographic Measurements,<br />\nProceedings, World Geothermal Congress, Florence,<br />\nVol. 3, (1995), 1851-1854. ']",Mediterranean and W. Asia,"{u'frames': [{u'track': u'15', u'id': u'015A_04723_101013'}, {u'track': u'117', u'id': u'117A_04664_131312'}, {u'track': u'168', u'id': u'168D_04626_101304'}], u'region': u'europe'}"
675,larderello,Larderello,211001.0,Italy,No,Yes,,,43.25,10.87,No measurements,"Magmatic, Geothermal power plant. The heat source are granite plutons linked to extensional tectonic setting. (Brogi 2008; Frondini et al 2009)","['Brogi A. The structure of the Monte Amiata volcano-geothermal area (Northern Apennines, Italy): Neogene-Quaternary compression versus extension. Int J Earth Sci. 2008b;97(4):677–703. doi:10.1007/s00531-007-0191-1.', 'Frondini F, Caliro S, Cardellini C, Chiodini G, Morgantini N. Carbon dioxide degassing and thermal energy release in the Monte Amiata volcanic-geothermal area (Italy). Appl Geochem. 2009;24(5):860–75. doi:10.1016/j. apgeochem.2009.01.010.']",Mediterranean and W. Asia,"{u'frames': [{u'track': u'15', u'id': u'015A_04723_101013'}, {u'track': u'117', u'id': u'117A_04664_131312'}, {u'track': u'168', u'id': u'168D_04626_101304'}], u'region': u'europe'}"
783,,Michael,390090.0,United Kingdom,No,,,,-57.787,-26.46,No measurements,[],['Smithsonian Institution Global Volcanism Program<br />\nhttp://www.volcano.si.edu/volcano.cfm?vn=390090'],Antarctica,
784,,Saunders,390090.0,United Kingdom,No,Yes,,,-57.8,-26.483,No measurements,[],"['Global Volcanism Program, 2013. Volcanoes of the World, v. 4.6.0. Venzke, E (ed.). Smithsonian Institution. Downloaded 27 Jul 2017. http://dx.doi.org/10.5479/si.GVP.VOTW4-2013']",Antarctica,
985,reporoa,Reporoa,241040.0,New Zealand,Yes,No,Continuous,"<p>GNS conducts permanent <a style=""color: #8d0020;"" href=""http://www.gns.cri.nz/Home/Our-Science/Natural-Hazards/Volcanoes/Volcano-Monitoring"" target=""_self"">volcanic monitoring</a> and surveillance at all active and potentially active volcanoes in New Zealand.</p>
",-38.42,176.33,"InSAR, GPS - campaign, Levelling, EDM",[],"['Smithsonian Institution Global Volcanism Program<br />\nhttp://www.volcano.si.edu/volcano.cfm?vn=241060', 'GNS volcano monitoring http://www.gns.cri.nz/Home/Our-Science/Natural-Hazards/Volcanoes/Volcano-Monitoring']",New Zealand to Fiji,"{u'frames': [{u'track': u'0', u'id': u'000D_12845_111312'}, {u'track': u'73', u'id': u'073D_12912_131311'}, {u'track': u'81', u'id': u'081A_12822_131313'}], u'region': u'oceania'}"
986,reporoa,White Island,241040.0,New Zealand,Yes,Yes,1967 - present,"<p><span style=""color: #2e2e2e;"">Peltier et al. (2009) present levelling data from 1967, over the the main crater of White Island volcano. </span><br />
Deformation data &#8220;reveals that shallow pressure sources (200–600 m deep) extending up to the subsurface dominated the long-term deformation pattern consisting of inflation/deflation cycles&#8221;. The authors suggest that &#8220;uplift and subsidence are interpreted in terms of increase or decrease in fluid pore pressure in response to changes of the heat and gas flux. The subsidence during and following eruptions could be also linked with removal of material at depth to feed the eruptions&#8221;.<br />
GNS conducts permanent <a style=""color: #8d0020;"" href=""http://www.gns.cri.nz/Home/Our-Science/Natural-Hazards/Volcanoes/Volcano-Monitoring"" target=""_self"">volcanic monitoring</a> and surveillance at all active and potentially active volcanoes in New Zealand.</p>
",-37.52,158.18,Levelling,Magmatic,"['Peltier, A., B. Scott, and T. Hurst (2009), Ground deformation patterns at White Island volcano (New Zealand) between 1967 and 2008 deduced from levelling data, J. Volcanol. Geotherm. Res., 181, 207-218, doi:10.1016/j.jvolgeores.2009.01.020.', 'Smithsonian Institution Global Volcanism Program<br />\nhttp://www.volcano.si.edu/volcano.cfm?vn=241040', 'Fournier, T. J., Pritchard, M. E., & Riddick, S. N. (2010). Duration, magnitude, and frequency of subaerial volcano deformation events: New results from Latin America using InSAR and a global synthesis. Geochemistry, Geophysics, Geosystems, 11(1).']",New Zealand to Fiji,"{u'frames': [{u'track': u'0', u'id': u'000D_12845_111312'}, {u'track': u'73', u'id': u'073D_12912_131311'}, {u'track': u'81', u'id': u'081A_12822_131313'}], u'region': u'oceania'}"
1051,santa_maria,Santa Maria,324030.0,Guatemala,Yes,Yes,"InSAR (2007-2009), other methods (campaigns: 2007-2012)","<p>Santa Maria volcano has been erupting from the Santiaguito lava dome complex almost continually since 1922. The complex is formed of four vents, and current activity is concentrated at the Caliente Vent.<br />
InSAR measurements of lava flows extruded between 2000 and 2009 were able to estimate a maximum flow thickness of 140 m and a maximum flow subsidence rate of 10 cm/yr at the thickest part of the flows (<em>Ebmeier et al., 2012</em>).<br />
Campaign measurements of the dome, using particle image velocimetry from high resolution optical cameras and doppler shifted radar, have observed uplift of the surface of the dome (Sharff et al., 2012, Johnson et al., 2008). Dome uplift occurs 1-2 s before regular minor explosions and has a maximum amplitude of 50 cm. Ultra long period (ULP) seismic signals coincident with explosions are interpreted to be due to tilting of seismometers. Modelling of a Mogi tilt source suggests deflation of a reservoir located ~250 m below the summit and a volume loss of 125 to 1825 <span style=""color: #2e2e2e;"">m</span><sup style=""color: #2e2e2e;"">3</sup> (Sanderson et al., 2010).</p>
",14.755999999999998,-91.552,"InSAR, particle image velocimetry, doppler shifted radar, seismometers (as tiltmeters)","Magmatic, Surface deposits","['S.K. Ebmeier, J. Biggs, T.A. Mather, J.R. Elliott, G. Wadge, F. Amelung, Measuring large topographic change with InSAR: Lava thicknesses, extrusion rate and subsidence rate at Santiaguito volcano, Guatemala, Earth and Planetary Science Letters, Volumes 335–336, 15 June 2012, Pages 216-225, ISSN 0012-821X, http://dx.doi.org/10.1016/j.epsl.2012.04.027.', 'Scharff L., Ziemen F., Hort M., Gerst A., Johnson J.B. A detailed view into the eruption clouds of Santiaguito volcano, Guatemala, using Doppler radar. J. geophys. Res. 2012;117:B04201. doi:10.1029/2011JB008542.', 'Johnson J.B., Lees J.M., Gerst A., Sahagian D., Varley N. Long-period earthquakes and co-eruptive dome inflation seen with particle image velocimetry. Nature 2008;456:377-381.', 'R.W. Sanderson, J.B. Johnson, J.M. Lees, Ultra-long period seismic signals and cyclic deflation coincident with eruptions at Santiaguito volcano, Guatemala, Journal of Volcanology and Geothermal Research, Volume 198, Issues 1–2, 1 December 2010, Pages 35-44, ISSN 0377-0273, http://dx.doi.org/10.1016/j.jvolgeores.2010.08.007.']",Mexico and Central America,"{u'frames': [{u'track': u'26', u'id': u'026D_07514_131212'}, {u'track': u'136', u'id': u'136A_07527_091213'}], u'region': u'central_america'}"
1052,santa_maria,Wapi Lava Field,324030.0,United States,No,,,,42.88,-113.22,No measurements,[],['U.S. Geological Survey Cascade Volcano Observatory (CVO)<br />\nhttps://volcanoes.usgs.gov/volcanoes/wapi_lava_field/'],Canada and Western USA,"{u'frames': [{u'track': u'26', u'id': u'026D_07514_131212'}, {u'track': u'136', u'id': u'136A_07527_091213'}], u'region': u'central_america'}"
1065,segererua_plateau,Segererua Plateau,222050.0,Kenya,No,Yes,,"<p>This collection of basaltic cones and maars have never been studied using geodesy.</p>
",1.57,37.9,No measurements,[],['NASA Landsat7 image (worldwind.arc.nasa.gov)'],Africa and Red Sea,"{u'frames': [{u'track': u'58', u'id': u'058A_08739_131313'}, {u'track': u'79', u'id': u'079D_08893_131313'}], u'region': u'africa'}"
1066,segererua_plateau,Segererua Plateau,222050.0,Kenya,No,,,"<p><span style=""color: #625647;"">Segererua Plateau is an collection of &#8220;a large number&#8221; of late-Pleistocene to Holocene basaltic cones, lava flows, and maars. No geodetic measurements have been recorded at this volcano. The date of the last known eruption is unknown. </span></p>
",1.57,37.9,No measurements,[],['Smithsonian Institution Global Volcanism Program<br />\nhttp://volcano.si.edu/volcano.cfm?vn=222050'],Africa and Red Sea,"{u'frames': [{u'track': u'58', u'id': u'058A_08739_131313'}, {u'track': u'79', u'id': u'079D_08893_131313'}], u'region': u'africa'}"
1109,soda_lakes,Soda Lakes,326010.0,United States,No,Yes,,,39.53,-118.87,No measurements,[],"['Coolbaugh, M. F., Kratt, C., Sladek, C., Zehner, R. E., & Shevenell, L. (2006). Quaternary borate deposits as a geothermal exploration tool in the Great Basin. Geothermal Resources Council Transactions, 30, 393-398.']",Canada and Western USA,"{u'frames': [{u'track': u'64', u'id': u'064A_05011_131313'}, {u'track': u'144', u'id': u'144D_05101_131313'}], u'region': u'north_america'}"
1110,soda_lakes,Soda Lakes,326010.0,United States,No,,,,39.53,-118.87,No measurements,[],['U.S. Geological Survey Volcano Hazards Program<br />\nhttps://volcanoes.usgs.gov/volcanoes/soda_lakes/'],Canada and Western USA,"{u'frames': [{u'track': u'64', u'id': u'064A_05011_131313'}, {u'track': u'144', u'id': u'144D_05101_131313'}], u'region': u'north_america'}"
1122,,Southern Thule,390070.0,United Kingdom,No,Yes,7 day Cruise,,-59.442,-27.225,"No measurements, Bathymetry",[],"['Leat P T, Day S J, Tate A J, Martin T J, Owen M J, Tappin D R, 2013. Volcanic evolution of the South Sandwich volcanic arc, South Atlantic, from multibeam bathymetry. Journal of Volcanology and Geothermal Research 265, 60-77. http://dx.doi.org/10.1016/j.jvolgeores.2013.08.013', 'Leat, P. T., Tate, A. J., Tappin, D. R., Day, S. J., & Owen, M. J. (2010). Growth and mass wasting of volcanic centers in the northern South Sandwich arc, South Atlantic, revealed by new multibeam mapping. Marine Geology, 275(1), 110-126.']",Antarctica,
1123,,Thule Islands,390070.0,United Kingdom,No,,,,-59.458,-27.186,No measurements,[],['Smithsonian Institution Global Volcanism Program<br />\nhttp://www.volcano.si.edu/volcano.cfm?vn=390070'],Antarctica,
1245,tungnafellsjokull,Tungnafellsjokull,373040.0,Iceland,Yes,No,Continuous,"<p><span style=""color: #000000;""><a style=""font-weight: inherit; font-style: inherit; color: #0062a0 !important;"" href=""http://en.vedur.is/"" target=""_blank"">The Icelandic Meteorological Office (IMO)</a></span><span style=""color: #000000;""> leads long-term monitoring of geohazards in Iceland and is responsible for maintaining instrument networks for this purpose. FutureVolc detail a <a href=""http://futurevolc.hi.is/node/18"">description of in-situ monitoring networks in Iceland and available results</a>. In-situ instrumentation to monitor geological hazards in Iceland includes seismic, GPS, strain, hydrological, radar, infrasound networks, and scanning DOAS spectrometers. With InSAR, t<span style=""color: #333333;"">he volcanoes in Iceland are not covered by a single systematic study but 85% of them have been included in separate studies of volcanic, seismic, cryospheric or geothermal processes (Biggs et al., 2014).</span></span></p>
",64.73,-17.92,"InSAR, GPS - continuous, GPS - campaign, Levelling, Strainmeter, Tiltmeter, EDM",[],"['Smithsonian Institution Global Volcanism Program<br />\nhttp://www.volcano.si.edu/volcano.cfm?vn=373040', 'The Icelandic Meteorological Office (IMO)', 'Sturkell, E., Einarsson, P., Sigmundsson, F., Geirsson, H., Olafsson, H., Pedersen, R., ... & Stefánsson, R. (2006). Volcano geodesy and magma dynamics in Iceland. Journal of Volcanology and Geothermal Research, 150(1), 14-34.']",Iceland and Arctic Ocean,"{u'frames': [{u'track': u'9', u'id': u'009D_02426_131311'}, {u'track': u'9', u'id': u'009D_02597_080910'}, {u'track': u'111', u'id': u'111D_02489_111313'}, {u'track': u'147', u'id': u'147A_02488_131211'}], u'region': u'iceland'}"
1246,tungnafellsjokull,Tungnafellsjokull,373040.0,Iceland,Yes,Yes,Insar 1992 to 2002 (2007)/ /GPS August 1997/ Satellite images and aerial photographs from the summers of 2009-2010 (2013) /,"<p>25 Campaing GPS stations to measure the crustal deformation at this side of the plate boundary, monitoring pressure changes near the volcanoes in the area and the displacements of previously measured points in the area. (Hreinsdottir et al., 1998).<br />
Insar study of the areas near the Bárdabunga Volcano, including Tungnafellsjokull Volcano. The study uses ERS satellite images and finds a strong signal NW near the Tungnasfellsjokull Volcano and models for a fault or dike near the area. (Pagli et al., 2007).<br />
Faulting study with InSAR, from a small swarm at a fissure at Tungafellsjökull volcano. A map of the fissure was obtained from aerial photographs and satellite images. (Björnsdóttir &amp; Einarsson., 2013)<br />
Relation between intrusion and activity at Bardarbunga Volcano triggered seismicity at the Tungafellsjökull volcano. The study used InSAR, GPS, and LiDAR. For InSAR, images with X and C bands were used, and for GPS a total of 33 GPS stations were used including continue and campaign sites. (Parks, et al., 2017).</p>
",64.75,-17.916,"InSAR, GPS - campaign","Magmatic, Faulting/tectonics","['Pagli, C., Sigmundsson, F., Pedersen, R., Einarsson, P., Árnadóttir, T., & Feigl, K. L. (2007). Crustal deformation associated with the 1996 Gjálp subglacial eruption, Iceland: InSAR studies in affected areas adjacent to the Vatnajökull ice cap. Earth and Planetary Science Letters, 259(1), 24-33.', 'Hreinsdóttir, S., Einarsson, P., Jonsson, S., & Sigmundsson, F. (1998). GPS geodetic measurements around Bár* arbunga volcano, central Iceland, in 1997. Rep. RH-13, 98.', 'Parks, M. M., Heimisson, E. R., Sigmundsson, F., Hooper, A., Vogfjörd, K. S., Árnadóttir, T., ... & Gudmundsson, M. T. (2017). Evolution of deformation and stress changes during the caldera collapse and dyking at Bárdarbunga, 2014–2015: Implication for triggering of seismicity at nearby Tungnafellsjökull volcano. Earth and Planetary Science Letters, 462, 212-223.', 'Björnsdóttir, T., & Einarsson, P. (2013). Evidence of recent fault movements in the Tungnafellsjökull fissure swarm in the Central Volcanic Zone, Iceland. Jökull, 63, 17-32.']",Iceland and Arctic Ocean,"{u'frames': [{u'track': u'9', u'id': u'009D_02426_131311'}, {u'track': u'9', u'id': u'009D_02597_080910'}, {u'track': u'111', u'id': u'111D_02489_111313'}, {u'track': u'147', u'id': u'147A_02488_131211'}], u'region': u'iceland'}"
1253,tuya_volcanic_field,Tuya Volcanic Field,320031.0,Canada,Yes,Yes,,,59.37,-130.58,No measurements,[],"['Hickson C J, Edwards B R, 2001. Volcanoes and Volcanic Hazards in Canada. In; Brooks G R (ed) {A Synthesis of Geological Hazards in Canada}, Geol Surv Can Bull, 548: 1-248']",none,"{u'frames': [{u'track': u'108', u'id': u'108A_03087_131313'}], u'region': u'north_america'}"
1254,tuya_volcanic_field,Tuya Volcanic Field,320031.0,Canada,No,,,,59.37,-130.58,No measurements,[],"['Hickson C J, Edwards B R, 2001. Volcanoes and Volcanic Hazards in Canada. In; Brooks G R (ed) {A Synthesis of Geological Hazards in Canada}, Geol Surv Can Bull, 548: 1-248']",Canada and Western USA,"{u'frames': [{u'track': u'108', u'id': u'108A_03087_131313'}], u'region': u'north_america'}"
1360,abu,abu,,,,,,,,,,,,,"{u'frames': [{u'track': u'156', u'id': u'156A_05639_121313'}], u'region': u'eastern_asia'}"
1361,adatarayama,adatarayama,,,,,,,,,,,,,"{u'frames': [{u'track': u'46', u'id': u'046D_05292_131313'}], u'region': u'eastern_asia'}"
1362,afdera,afdera,,,,,,,,,,,,,"{u'frames': [{u'track': u'14', u'id': u'014A_07688_131313'}, {u'track': u'79', u'id': u'079D_07694_131313'}], u'region': u'africa'}"
1363,akagisan,akagisan,,,,,,,,,,,,,"{u'frames': [{u'track': u'39', u'id': u'039A_05373_131313'}, {u'track': u'46', u'id': u'046D_05292_131313'}, {u'track': u'119', u'id': u'119D_05371_131313'}], u'region': u'eastern_asia'}"
1364,akan,akan,,,,,,,,,,,,,"{u'frames': [{u'track': u'148', u'id': u'148D_04618_101013'}, {u'track': u'170', u'id': u'170A_04675_131008'}], u'region': u'eastern_asia'}"
1365,akandanayama,akandanayama,,,,,,,,,,,,,"{u'frames': [{u'track': u'119', u'id': u'119D_05371_131313'}], u'region': u'eastern_asia'}"
1366,akita-komagatake,akita-komagatake,,,,,,,,,,,,,"{u'frames': [{u'track': u'46', u'id': u'046D_05095_131313'}, {u'track': u'141', u'id': u'141A_04925_071313'}, {u'track': u'141', u'id': u'141A_05118_131311'}], u'region': u'eastern_asia'}"
1367,akita-yakeyama,akita-yakeyama,,,,,,,,,,,,,"{u'frames': [{u'track': u'46', u'id': u'046D_04913_071313'}, {u'track': u'46', u'id': u'046D_05095_131313'}, {u'track': u'141', u'id': u'141A_04925_071313'}], u'region': u'eastern_asia'}"
1368,akuseki-jima,akuseki-jima,,,,,,,,,,,,,"{u'frames': [{u'track': u'163', u'id': u'163D_05930_081309'}], u'region': u'eastern_asia'}"
1369,aogashima,aogashima,,,,,,,,,,,,,"{u'frames': [{u'track': u'39', u'id': u'039A_05561_081302'}], u'region': u'eastern_asia'}"
1370,asamayama,asamayama,,,,,,,,,,,,,"{u'frames': [{u'track': u'39', u'id': u'039A_05373_131313'}, {u'track': u'119', u'id': u'119D_05371_131313'}], u'region': u'eastern_asia'}"
1371,asosan,asosan,,,,,,,,,,,,,"{u'frames': [{u'track': u'156', u'id': u'156A_05639_121313'}, {u'track': u'163', u'id': u'163D_05736_131313'}], u'region': u'eastern_asia'}"
1372,ata,ata,,,,,,,,,,,,,"{u'frames': [{u'track': u'163', u'id': u'163D_05930_081309'}], u'region': u'eastern_asia'}"
1373,atitlan,atitlan,,,,,,,,,,,,,"{u'frames': [{u'track': u'26', u'id': u'026D_07514_131212'}, {u'track': u'136', u'id': u'136A_07527_091213'}], u'region': u'central_america'}"
1374,azul,azul,,,,,,,,,,,,,"{u'frames': [{u'track': u'18', u'id': u'018A_12472_131313'}, {u'track': u'18', u'id': u'018A_12668_131313'}, {u'track': u'83', u'id': u'083D_12636_131313'}], u'region': u'south_america'}"
1375,azumayama,azumayama,,,,,,,,,,,,,"{u'frames': [{u'track': u'46', u'id': u'046D_05292_131313'}, {u'track': u'141', u'id': u'141A_05118_131311'}], u'region': u'eastern_asia'}"
1376,bandaisan,bandaisan,,,,,,,,,,,,,"{u'frames': [{u'track': u'39', u'id': u'039A_05193_040711'}, {u'track': u'46', u'id': u'046D_05292_131313'}], u'region': u'eastern_asia'}"
1377,blup_blup,blup_blup,,,,,,,,,,,,,"{u'frames': [{u'track': u'133', u'id': u'133D_09449_131313'}], u'region': u'oceania'}"
1378,bola,bola,,,,,,,,,,,,,"{u'frames': [{u'track': u'89', u'id': u'089D_09558_080908'}], u'region': u'oceania'}"
1379,chokaisan,chokaisan,,,,,,,,,,,,,"{u'frames': [{u'track': u'39', u'id': u'039A_05193_040711'}, {u'track': u'46', u'id': u'046D_05095_131313'}, {u'track': u'141', u'id': u'141A_05118_131311'}], u'region': u'eastern_asia'}"
1380,chuga-ryong,chuga-ryong,,,,,,,,,,,,,"{u'frames': [{u'track': u'54', u'id': u'054A_05261_121306'}], u'region': u'eastern_asia'}"
1381,colli_albani,colli_albani,,,,,,,,,,,,,"{u'frames': [{u'track': u'22', u'id': u'022D_04826_121209'}, {u'track': u'95', u'id': u'095D_04753_120707'}, {u'track': u'117', u'id': u'117A_04827_031113'}], u'region': u'europe'}"
1382,dakataua,dakataua,,,,,,,,,,,,,"{u'frames': [{u'track': u'89', u'id': u'089D_09558_080908'}], u'region': u'oceania'}"
1383,dallol,dallol,,,,,,,,,,,,,"{u'frames': [{u'track': u'14', u'id': u'014A_07524_101303'}, {u'track': u'14', u'id': u'014A_07688_131313'}, {u'track': u'79', u'id': u'079D_07503_061113'}], u'region': u'africa'}"
1384,darwin,darwin,,,,,,,,,,,,,"{u'frames': [{u'track': u'128', u'id': u'128D_09014_090400'}], u'region': u'pacific_island'}"
1385,dawson_strait_group,dawson_strait_group,,,,,,,,,,,,,"{u'frames': [{u'track': u'16', u'id': u'016D_09956_091312'}, {u'track': u'140', u'id': u'140A_09947_111303'}], u'region': u'oceania'}"
1386,ecuador,ecuador,,,,,,,,,,,,,"{u'frames': [{u'track': u'128', u'id': u'128D_09014_090400'}], u'region': u'pacific_island'}"
1387,esan,esan,,,,,,,,,,,,,"{u'frames': [{u'track': u'46', u'id': u'046D_04913_071313'}, {u'track': u'68', u'id': u'068A_04799_130306'}, {u'track': u'141', u'id': u'141A_04773_020709'}, {u'track': u'141', u'id': u'141A_04925_071313'}], u'region': u'eastern_asia'}"
1388,fujisan,fujisan,,,,,,,,,,,,,"{u'frames': [{u'track': u'39', u'id': u'039A_05373_131313'}, {u'track': u'46', u'id': u'046D_05469_071311'}, {u'track': u'119', u'id': u'119D_05371_131313'}], u'region': u'eastern_asia'}"
1389,fukue,fukue,,,,,,,,,,,,,"{u'frames': [{u'track': u'54', u'id': u'054A_05692_051312'}], u'region': u'eastern_asia'}"
1390,garove,garove,,,,,,,,,,,,,"{u'frames': [{u'track': u'89', u'id': u'089D_09558_080908'}], u'region': u'oceania'}"
1391,genovesa,genovesa,,,,,,,,,,,,,"{u'frames': [{u'track': u'55', u'id': u'055D_09064_040610'}], u'region': u'pacific_island'}"
1392,goodenough,goodenough,,,,,,,,,,,,,"{u'frames': [{u'track': u'16', u'id': u'016D_09956_091312'}, {u'track': u'140', u'id': u'140A_09947_111303'}], u'region': u'oceania'}"
1393,hachijojima,hachijojima,,,,,,,,,,,,,"{u'frames': [{u'track': u'39', u'id': u'039A_05561_081302'}], u'region': u'eastern_asia'}"
1394,hachimantai,hachimantai,,,,,,,,,,,,,"{u'frames': [{u'track': u'46', u'id': u'046D_04913_071313'}, {u'track': u'46', u'id': u'046D_05095_131313'}, {u'track': u'141', u'id': u'141A_04925_071313'}], u'region': u'eastern_asia'}"
1395,hakkodasan,hakkodasan,,,,,,,,,,,,,"{u'frames': [{u'track': u'46', u'id': u'046D_04913_071313'}, {u'track': u'68', u'id': u'068A_04799_130306'}, {u'track': u'141', u'id': u'141A_04925_071313'}], u'region': u'eastern_asia'}"
1396,hakoneyama,hakoneyama,,,,,,,,,,,,,"{u'frames': [{u'track': u'39', u'id': u'039A_05373_131313'}, {u'track': u'46', u'id': u'046D_05469_071311'}, {u'track': u'119', u'id': u'119D_05371_131313'}], u'region': u'eastern_asia'}"
1397,hakusan,hakusan,,,,,,,,,,,,,"{u'frames': [{u'track': u'119', u'id': u'119D_05371_131313'}], u'region': u'eastern_asia'}"
1398,hargy,hargy,,,,,,,,,,,,,"{u'frames': [{u'track': u'16', u'id': u'016D_09543_000810'}, {u'track': u'67', u'id': u'067A_09471_071309'}], u'region': u'oceania'}"
1399,harunasan,harunasan,,,,,,,,,,,,,"{u'frames': [{u'track': u'39', u'id': u'039A_05373_131313'}, {u'track': u'46', u'id': u'046D_05292_131313'}, {u'track': u'119', u'id': u'119D_05371_131313'}], u'region': u'eastern_asia'}"
1400,hijiori,hijiori,,,,,,,,,,,,,"{u'frames': [{u'track': u'46', u'id': u'046D_05095_131313'}, {u'track': u'141', u'id': u'141A_05118_131311'}], u'region': u'eastern_asia'}"
1401,hiuchigatake,hiuchigatake,,,,,,,,,,,,,"{u'frames': [{u'track': u'39', u'id': u'039A_05373_131313'}, {u'track': u'46', u'id': u'046D_05292_131313'}], u'region': u'eastern_asia'}"
1402,hobicha_caldera,hobicha_caldera,,,,,,,,,,,,,"{u'frames': [{u'track': u'152', u'id': u'152D_08315_131313'}, {u'track': u'160', u'id': u'160A_08350_131311'}], u'region': u'africa'}"
1403,hokkaido-komagatake,hokkaido-komagatake,,,,,,,,,,,,,"{u'frames': [{u'track': u'46', u'id': u'046D_04690_121308'}, {u'track': u'46', u'id': u'046D_04913_071313'}, {u'track': u'68', u'id': u'068A_04799_130306'}, {u'track': u'141', u'id': u'141A_04773_020709'}], u'region': u'eastern_asia'}"
1404,hornopiren,hornopiren,,,,,,,,,,,,,"{u'frames': [{u'track': u'83', u'id': u'083D_13222_131313'}, {u'track': u'164', u'id': u'164A_13146_131313'}], u'region': u'south_america'}"
1405,hydrographers_range,hydrographers_range,,,,,,,,,,,,,"{u'frames': [{u'track': u'38', u'id': u'038A_09963_111312'}, {u'track': u'89', u'id': u'089D_09935_080913'}], u'region': u'oceania'}"
1406,iamalele,iamalele,,,,,,,,,,,,,"{u'frames': [{u'track': u'16', u'id': u'016D_09956_091312'}, {u'track': u'140', u'id': u'140A_09947_111303'}], u'region': u'oceania'}"
1407,iettunup,iettunup,,,,,,,,,,,,,"{u'frames': [{u'track': u'60', u'id': u'060D_03181_131009'}, {u'track': u'140', u'id': u'140A_03184_101313'}], u'region': u'northern_asia'}"
1408,io-torishima,io-torishima,,,,,,,,,,,,,"{u'frames': [{u'track': u'127', u'id': u'127A_06256_070603'}], u'region': u'eastern_asia'}"
1409,iwakisan,iwakisan,,,,,,,,,,,,,"{u'frames': [{u'track': u'46', u'id': u'046D_04913_071313'}, {u'track': u'141', u'id': u'141A_04925_071313'}], u'region': u'eastern_asia'}"
1410,iwatesan,iwatesan,,,,,,,,,,,,,"{u'frames': [{u'track': u'46', u'id': u'046D_04913_071313'}, {u'track': u'46', u'id': u'046D_05095_131313'}, {u'track': u'141', u'id': u'141A_04925_071313'}, {u'track': u'141', u'id': u'141A_05118_131311'}], u'region': u'eastern_asia'}"
1411,izu-oshima,izu-oshima,,,,,,,,,,,,,"{u'frames': [{u'track': u'39', u'id': u'039A_05561_081302'}, {u'track': u'46', u'id': u'046D_05469_071311'}], u'region': u'eastern_asia'}"
1412,izu-tobu,izu-tobu,,,,,,,,,,,,,"{u'frames': [{u'track': u'39', u'id': u'039A_05561_081302'}, {u'track': u'46', u'id': u'046D_05469_071311'}], u'region': u'eastern_asia'}"
1413,jocotitlan,jocotitlan,,,,,,,,,,,,,"{u'frames': [{u'track': u'41', u'id': u'041D_07070_131313'}], u'region': u'north_america'}"
1414,kadovar,kadovar,,,,,,,,,,,,,"{u'frames': [{u'track': u'133', u'id': u'133D_09449_131313'}], u'region': u'oceania'}"
1415,karkar,karkar,,,,,,,,,,,,,"{u'frames': [{u'track': u'60', u'id': u'060D_09456_010203'}], u'region': u'oceania'}"
1416,kikai,kikai,,,,,,,,,,,,,"{u'frames': [{u'track': u'163', u'id': u'163D_05930_081309'}], u'region': u'eastern_asia'}"
1417,kirishimayama,kirishimayama,,,,,,,,,,,,,"{u'frames': [{u'track': u'163', u'id': u'163D_05736_131313'}], u'region': u'eastern_asia'}"
1418,kogaja-jima,kogaja-jima,,,,,,,,,,,,,"{u'frames': [{u'track': u'163', u'id': u'163D_05930_081309'}], u'region': u'eastern_asia'}"
1419,koranga,koranga,,,,,,,,,,,,,"{u'frames': [{u'track': u'162', u'id': u'162D_09618_081313'}], u'region': u'oceania'}"
1420,kozushima,kozushima,,,,,,,,,,,,,"{u'frames': [{u'track': u'39', u'id': u'039A_05561_081302'}, {u'track': u'46', u'id': u'046D_05469_071311'}], u'region': u'eastern_asia'}"
1421,krummel-garbuna-welcker,krummel-garbuna-welcker,,,,,,,,,,,,,"{u'frames': [{u'track': u'89', u'id': u'089D_09558_080908'}], u'region': u'oceania'}"
1422,kuchinoerabujima,kuchinoerabujima,,,,,,,,,,,,,"{u'frames': [{u'track': u'163', u'id': u'163D_05930_081309'}], u'region': u'eastern_asia'}"
1423,kuchinoshima,kuchinoshima,,,,,,,,,,,,,"{u'frames': [{u'track': u'163', u'id': u'163D_05930_081309'}], u'region': u'eastern_asia'}"
1424,kuh-e_nader,kuh-e_nader,,,,,,,,,,,,,"{u'frames': [{u'track': u'20', u'id': u'020D_06130_131313'}, {u'track': u'86', u'id': u'086A_06208_131313'}], u'region': u'middle_east'}"
1425,kujusan,kujusan,,,,,,,,,,,,,"{u'frames': [{u'track': u'156', u'id': u'156A_05639_121313'}, {u'track': u'163', u'id': u'163D_05736_131313'}], u'region': u'eastern_asia'}"
1426,kurikomayama,kurikomayama,,,,,,,,,,,,,"{u'frames': [{u'track': u'46', u'id': u'046D_05095_131313'}, {u'track': u'141', u'id': u'141A_05118_131311'}], u'region': u'eastern_asia'}"
1427,kusatsu-shiranesan,kusatsu-shiranesan,,,,,,,,,,,,,"{u'frames': [{u'track': u'39', u'id': u'039A_05373_131313'}, {u'track': u'119', u'id': u'119D_05371_131313'}], u'region': u'eastern_asia'}"
1428,kussharo,kussharo,,,,,,,,,,,,,"{u'frames': [{u'track': u'97', u'id': u'097A_04618_080805'}, {u'track': u'148', u'id': u'148D_04618_101013'}, {u'track': u'170', u'id': u'170A_04675_131008'}], u'region': u'eastern_asia'}"
1429,kuttara,kuttara,,,,,,,,,,,,,"{u'frames': [{u'track': u'46', u'id': u'046D_04690_121308'}, {u'track': u'68', u'id': u'068A_04667_071312'}, {u'track': u'68', u'id': u'068A_04799_130306'}, {u'track': u'141', u'id': u'141A_04773_020709'}], u'region': u'eastern_asia'}"
1430,laacher_see_maar,laacher_see_maar,,,,,,,,,,,,,"{u'frames': [{u'track': u'15', u'id': u'015A_03923_131313'}, {u'track': u'88', u'id': u'088A_03925_131313'}, {u'track': u'139', u'id': u'139D_04017_131313'}], u'region': u'europe'}"
1431,la_gloria,la_gloria,,,,,,,,,,,,,"{u'frames': [{u'track': u'5', u'id': u'005A_07021_131313'}, {u'track': u'70', u'id': u'070D_07100_041013'}, {u'track': u'143', u'id': u'143D_07132_131313'}], u'region': u'north_america'}"
1432,lamington,lamington,,,,,,,,,,,,,"{u'frames': [{u'track': u'38', u'id': u'038A_09963_111312'}, {u'track': u'89', u'id': u'089D_09935_080913'}], u'region': u'oceania'}"
1433,langila,langila,,,,,,,,,,,,,"{u'frames': [{u'track': u'38', u'id': u'038A_09577_090706'}, {u'track': u'162', u'id': u'162D_09618_081313'}], u'region': u'oceania'}"
1434,lanin,lanin,,,,,,,,,,,,,"{u'frames': [{u'track': u'83', u'id': u'083D_13027_131313'}, {u'track': u'164', u'id': u'164A_12971_071312'}], u'region': u'south_america'}"
1435,liado_hayk,liado_hayk,,,,,,,,,,,,,"{u'frames': [{u'track': u'79', u'id': u'079D_08094_131313'}, {u'track': u'87', u'id': u'087A_08102_131311'}], u'region': u'africa'}"
1436,lihir,lihir,,,,,,,,,,,,,"{u'frames': [{u'track': u'16', u'id': u'016D_09376_111309'}, {u'track': u'67', u'id': u'067A_09471_071309'}], u'region': u'oceania'}"
1437,lolobau,lolobau,,,,,,,,,,,,,"{u'frames': [{u'track': u'16', u'id': u'016D_09376_111309'}, {u'track': u'16', u'id': u'016D_09543_000810'}, {u'track': u'67', u'id': u'067A_09471_071309'}], u'region': u'oceania'}"
1438,loloru,loloru,,,,,,,,,,,,,"{u'frames': [{u'track': u'96', u'id': u'096A_09625_110000'}], u'region': u'oceania'}"
1439,long_island,long_island,,,,,,,,,,,,,"{u'frames': [{u'track': u'38', u'id': u'038A_09577_090706'}, {u'track': u'162', u'id': u'162D_09618_081313'}], u'region': u'oceania'}"
1440,malang_plain,malang_plain,,,,,,,,,,,,,"{u'frames': [{u'track': u'3', u'id': u'003D_09757_111111'}, {u'track': u'54', u'id': u'054A_09773_111212'}], u'region': u'southeast_asia'}"
1441,mallahle,mallahle,,,,,,,,,,,,,"{u'frames': [{u'track': u'6', u'id': u'006D_07728_131313'}, {u'track': u'14', u'id': u'014A_07688_131313'}], u'region': u'africa'}"
1442,managlase_plateau,managlase_plateau,,,,,,,,,,,,,"{u'frames': [{u'track': u'38', u'id': u'038A_09963_111312'}, {u'track': u'89', u'id': u'089D_09935_080913'}], u'region': u'oceania'}"
1443,marchena,marchena,,,,,,,,,,,,,"{u'frames': [{u'track': u'55', u'id': u'055D_09064_040610'}], u'region': u'pacific_island'}"
1444,maruyama,maruyama,,,,,,,,,,,,,"{u'frames': [{u'track': u'46', u'id': u'046D_04690_121308'}, {u'track': u'68', u'id': u'068A_04667_071312'}, {u'track': u'148', u'id': u'148D_04618_101013'}, {u'track': u'170', u'id': u'170A_04675_131008'}], u'region': u'eastern_asia'}"
1445,mashu,mashu,,,,,,,,,,,,,"{u'frames': [{u'track': u'97', u'id': u'097A_04618_080805'}, {u'track': u'148', u'id': u'148D_04618_101013'}, {u'track': u'170', u'id': u'170A_04675_131008'}], u'region': u'eastern_asia'}"
1446,megata,megata,,,,,,,,,,,,,"{u'frames': [{u'track': u'46', u'id': u'046D_04913_071313'}, {u'track': u'46', u'id': u'046D_05095_131313'}, {u'track': u'141', u'id': u'141A_04925_071313'}], u'region': u'eastern_asia'}"
1447,midagahara,midagahara,,,,,,,,,,,,,"{u'frames': [{u'track': u'112', u'id': u'112A_05312_030806'}, {u'track': u'119', u'id': u'119D_05371_131313'}], u'region': u'eastern_asia'}"
1448,mikurajima,mikurajima,,,,,,,,,,,,,"{u'frames': [{u'track': u'39', u'id': u'039A_05561_081302'}], u'region': u'eastern_asia'}"
1449,miyakejima,miyakejima,,,,,,,,,,,,,"{u'frames': [{u'track': u'39', u'id': u'039A_05561_081302'}, {u'track': u'46', u'id': u'046D_05469_071311'}], u'region': u'eastern_asia'}"
1450,mundua,mundua,,,,,,,,,,,,,"{u'frames': [{u'track': u'89', u'id': u'089D_09558_080908'}], u'region': u'oceania'}"
1451,myokosan,myokosan,,,,,,,,,,,,,"{u'frames': [{u'track': u'39', u'id': u'039A_05373_131313'}, {u'track': u'112', u'id': u'112A_05312_030806'}, {u'track': u'119', u'id': u'119D_05371_131313'}], u'region': u'eastern_asia'}"
1452,nakanoshima,nakanoshima,,,,,,,,,,,,,"{u'frames': [{u'track': u'163', u'id': u'163D_05930_081309'}], u'region': u'eastern_asia'}"
1453,nantai,nantai,,,,,,,,,,,,,"{u'frames': [{u'track': u'39', u'id': u'039A_05373_131313'}, {u'track': u'46', u'id': u'046D_05292_131313'}], u'region': u'eastern_asia'}"
1454,naruko,naruko,,,,,,,,,,,,,"{u'frames': [{u'track': u'46', u'id': u'046D_05095_131313'}, {u'track': u'141', u'id': u'141A_05118_131311'}], u'region': u'eastern_asia'}"
1455,nasudake,nasudake,,,,,,,,,,,,,"{u'frames': [{u'track': u'39', u'id': u'039A_05373_131313'}, {u'track': u'46', u'id': u'046D_05292_131313'}], u'region': u'eastern_asia'}"
1456,niigata-yakeyama,niigata-yakeyama,,,,,,,,,,,,,"{u'frames': [{u'track': u'39', u'id': u'039A_05373_131313'}, {u'track': u'112', u'id': u'112A_05312_030806'}, {u'track': u'119', u'id': u'119D_05371_131313'}], u'region': u'eastern_asia'}"
1457,niijima,niijima,,,,,,,,,,,,,"{u'frames': [{u'track': u'39', u'id': u'039A_05561_081302'}, {u'track': u'46', u'id': u'046D_05469_071311'}], u'region': u'eastern_asia'}"
1458,nikko-shiranesan,nikko-shiranesan,,,,,,,,,,,,,"{u'frames': [{u'track': u'39', u'id': u'039A_05373_131313'}, {u'track': u'46', u'id': u'046D_05292_131313'}], u'region': u'eastern_asia'}"
1459,niseko,niseko,,,,,,,,,,,,,"{u'frames': [{u'track': u'46', u'id': u'046D_04690_121308'}, {u'track': u'68', u'id': u'068A_04667_071312'}, {u'track': u'141', u'id': u'141A_04773_020709'}], u'region': u'eastern_asia'}"
1460,norikuradake,norikuradake,,,,,,,,,,,,,"{u'frames': [{u'track': u'119', u'id': u'119D_05371_131313'}], u'region': u'eastern_asia'}"
1461,numazawa,numazawa,,,,,,,,,,,,,"{u'frames': [{u'track': u'39', u'id': u'039A_05193_040711'}, {u'track': u'39', u'id': u'039A_05373_131313'}, {u'track': u'46', u'id': u'046D_05292_131313'}], u'region': u'eastern_asia'}"
1462,oki-dogo,oki-dogo,,,,,,,,,,,,,"{u'frames': [{u'track': u'83', u'id': u'083A_05467_050704'}, {u'track': u'90', u'id': u'090D_05486_121312'}], u'region': u'eastern_asia'}"
1463,omanago_group,omanago_group,,,,,,,,,,,,,"{u'frames': [{u'track': u'39', u'id': u'039A_05373_131313'}, {u'track': u'46', u'id': u'046D_05292_131313'}], u'region': u'eastern_asia'}"
1464,ontakesan,ontakesan,,,,,,,,,,,,,"{u'frames': [{u'track': u'119', u'id': u'119D_05371_131313'}], u'region': u'eastern_asia'}"
1465,oshima-oshima,oshima-oshima,,,,,,,,,,,,,"{u'frames': [{u'track': u'141', u'id': u'141A_04925_071313'}], u'region': u'eastern_asia'}"
1466,osorezan,osorezan,,,,,,,,,,,,,"{u'frames': [{u'track': u'46', u'id': u'046D_04913_071313'}, {u'track': u'68', u'id': u'068A_04799_130306'}, {u'track': u'141', u'id': u'141A_04925_071313'}], u'region': u'eastern_asia'}"
1467,poco_leok,poco_leok,,,,,,,,,,,,,"{u'frames': [{u'track': u'10', u'id': u'010A_09914_081311'}, {u'track': u'61', u'id': u'061D_09919_081108'}], u'region': u'southeast_asia'}"
1468,rabaul,rabaul,,,,,,,,,,,,,"{u'frames': [{u'track': u'16', u'id': u'016D_09376_111309'}, {u'track': u'67', u'id': u'067A_09471_071309'}], u'region': u'oceania'}"
1469,rausudake,rausudake,,,,,,,,,,,,,"{u'frames': [{u'track': u'97', u'id': u'097A_04618_080805'}, {u'track': u'148', u'id': u'148D_04618_101013'}, {u'track': u'170', u'id': u'170A_04675_131008'}], u'region': u'eastern_asia'}"
1470,red_hill,red_hill,,,,,,,,,,,,,"{u'frames': [{u'track': u'122', u'id': u'122A_05483_131313'}, {u'track': u'129', u'id': u'129D_05647_131313'}], u'region': u'north_america'}"
1471,ritter_island,ritter_island,,,,,,,,,,,,,"{u'frames': [{u'track': u'38', u'id': u'038A_09577_090706'}, {u'track': u'162', u'id': u'162D_09618_081313'}], u'region': u'oceania'}"
1472,sanbesan,sanbesan,,,,,,,,,,,,,"{u'frames': [{u'track': u'83', u'id': u'083A_05467_050704'}, {u'track': u'90', u'id': u'090D_05486_121312'}], u'region': u'eastern_asia'}"
1473,santa_cruz,santa_cruz,,,,,,,,,,,,,"{u'frames': [{u'track': u'55', u'id': u'055D_09064_040610'}], u'region': u'pacific_island'}"
1474,santiago,santiago,,,,,,,,,,,,,"{u'frames': [{u'track': u'55', u'id': u'055D_09064_040610'}, {u'track': u'128', u'id': u'128D_09014_090400'}], u'region': u'pacific_island'}"
1475,sessagara,sessagara,,,,,,,,,,,,,"{u'frames': [{u'track': u'38', u'id': u'038A_09963_111312'}, {u'track': u'89', u'id': u'089D_09935_080913'}], u'region': u'oceania'}"
1476,shiga,shiga,,,,,,,,,,,,,"{u'frames': [{u'track': u'39', u'id': u'039A_05373_131313'}, {u'track': u'119', u'id': u'119D_05371_131313'}], u'region': u'eastern_asia'}"
1477,shikaribetsu_group,shikaribetsu_group,,,,,,,,,,,,,"{u'frames': [{u'track': u'68', u'id': u'068A_04667_071312'}, {u'track': u'148', u'id': u'148D_04618_101013'}, {u'track': u'170', u'id': u'170A_04675_131008'}], u'region': u'eastern_asia'}"
1478,shikotsu,shikotsu,,,,,,,,,,,,,"{u'frames': [{u'track': u'46', u'id': u'046D_04690_121308'}, {u'track': u'68', u'id': u'068A_04667_071312'}], u'region': u'eastern_asia'}"
1479,shiretoko-iozan,shiretoko-iozan,,,,,,,,,,,,,"{u'frames': [{u'track': u'97', u'id': u'097A_04618_080805'}, {u'track': u'148', u'id': u'148D_04618_101013'}], u'region': u'eastern_asia'}"
1480,sork_ale,sork_ale,,,,,,,,,,,,,"{u'frames': [{u'track': u'6', u'id': u'006D_07728_131313'}, {u'track': u'14', u'id': u'014A_07688_131313'}], u'region': u'africa'}"
1481,sulu_range,sulu_range,,,,,,,,,,,,,"{u'frames': [{u'track': u'16', u'id': u'016D_09543_000810'}, {u'track': u'67', u'id': u'067A_09471_071309'}], u'region': u'oceania'}"
1482,suwanosejima,suwanosejima,,,,,,,,,,,,,"{u'frames': [{u'track': u'163', u'id': u'163D_05930_081309'}], u'region': u'eastern_asia'}"
1483,taisetsuzan,taisetsuzan,,,,,,,,,,,,,"{u'frames': [{u'track': u'46', u'id': u'046D_04690_121308'}, {u'track': u'68', u'id': u'068A_04667_071312'}, {u'track': u'148', u'id': u'148D_04618_101013'}, {u'track': u'170', u'id': u'170A_04675_131008'}], u'region': u'eastern_asia'}"
1484,takaharayama,takaharayama,,,,,,,,,,,,,"{u'frames': [{u'track': u'39', u'id': u'039A_05373_131313'}, {u'track': u'46', u'id': u'046D_05292_131313'}], u'region': u'eastern_asia'}"
1485,takuan_group,takuan_group,,,,,,,,,,,,,"{u'frames': [{u'track': u'96', u'id': u'096A_09625_110000'}], u'region': u'oceania'}"
1486,tavui,tavui,,,,,,,,,,,,,"{u'frames': [{u'track': u'16', u'id': u'016D_09376_111309'}, {u'track': u'67', u'id': u'067A_09471_071309'}], u'region': u'oceania'}"
1487,tenchozan,tenchozan,,,,,,,,,,,,,"{u'frames': [{u'track': u'97', u'id': u'097A_04618_080805'}, {u'track': u'148', u'id': u'148D_04618_101013'}, {u'track': u'170', u'id': u'170A_04675_131008'}], u'region': u'eastern_asia'}"
1488,theistareykir,theistareykir,,,,,,,,,,,,,"{u'frames': [{u'track': u'9', u'id': u'009D_02426_131311'}, {u'track': u'111', u'id': u'111D_02489_111313'}, {u'track': u'147', u'id': u'147A_02488_131211'}], u'region': u'iceland'}"
1489,tokachidake,tokachidake,,,,,,,,,,,,,"{u'frames': [{u'track': u'46', u'id': u'046D_04690_121308'}, {u'track': u'68', u'id': u'068A_04667_071312'}, {u'track': u'148', u'id': u'148D_04618_101013'}, {u'track': u'170', u'id': u'170A_04675_131008'}], u'region': u'eastern_asia'}"
1490,tore,tore,,,,,,,,,,,,,"{u'frames': [{u'track': u'169', u'id': u'169A_09593_000011'}], u'region': u'oceania'}"
1491,toshima,toshima,,,,,,,,,,,,,"{u'frames': [{u'track': u'39', u'id': u'039A_05561_081302'}, {u'track': u'46', u'id': u'046D_05469_071311'}], u'region': u'eastern_asia'}"
1492,towada,towada,,,,,,,,,,,,,"{u'frames': [{u'track': u'46', u'id': u'046D_04913_071313'}, {u'track': u'68', u'id': u'068A_04799_130306'}, {u'track': u'141', u'id': u'141A_04925_071313'}], u'region': u'eastern_asia'}"
1493,toya,toya,,,,,,,,,,,,,"{u'frames': [{u'track': u'46', u'id': u'046D_04690_121308'}, {u'track': u'68', u'id': u'068A_04667_071312'}, {u'track': u'68', u'id': u'068A_04799_130306'}, {u'track': u'141', u'id': u'141A_04773_020709'}], u'region': u'eastern_asia'}"
1494,traitors_head,traitors_head,,,,,,,,,,,,,"{u'frames': [{u'track': u'81', u'id': u'081A_10907_000800'}], u'region': u'oceania'}"
1495,ulawun,ulawun,,,,,,,,,,,,,"{u'frames': [{u'track': u'16', u'id': u'016D_09543_000810'}, {u'track': u'67', u'id': u'067A_09471_071309'}], u'region': u'oceania'}"
1496,umboi,umboi,,,,,,,,,,,,,"{u'frames': [{u'track': u'38', u'id': u'038A_09577_090706'}, {u'track': u'162', u'id': u'162D_09618_081313'}], u'region': u'oceania'}"
1497,unzendake,unzendake,,,,,,,,,,,,,"{u'frames': [{u'track': u'54', u'id': u'054A_05692_051312'}, {u'track': u'156', u'id': u'156A_05639_121313'}, {u'track': u'163', u'id': u'163D_05736_131313'}], u'region': u'eastern_asia'}"
1498,victory,victory,,,,,,,,,,,,,"{u'frames': [{u'track': u'38', u'id': u'038A_09963_111312'}, {u'track': u'89', u'id': u'089D_09935_080913'}], u'region': u'oceania'}"
1499,waiowa,waiowa,,,,,,,,,,,,,"{u'frames': [{u'track': u'38', u'id': u'038A_09963_111312'}, {u'track': u'89', u'id': u'089D_09935_080913'}], u'region': u'oceania'}"
1500,washiba-kumonotaira,washiba-kumonotaira,,,,,,,,,,,,,"{u'frames': [{u'track': u'112', u'id': u'112A_05312_030806'}, {u'track': u'119', u'id': u'119D_05371_131313'}], u'region': u'eastern_asia'}"
1501,witori,witori,,,,,,,,,,,,,"{u'frames': [{u'track': u'89', u'id': u'089D_09558_080908'}], u'region': u'oceania'}"
1502,wolf,wolf,,,,,,,,,,,,,"{u'frames': [{u'track': u'128', u'id': u'128D_09014_090400'}], u'region': u'pacific_island'}"
1503,yakedake,yakedake,,,,,,,,,,,,,"{u'frames': [{u'track': u'119', u'id': u'119D_05371_131313'}], u'region': u'eastern_asia'}"
1504,yasur,yasur,,,,,,,,,,,,,"{u'frames': [{u'track': u'81', u'id': u'081A_10907_000800'}], u'region': u'oceania'}"
1505,yokoate-jima,yokoate-jima,,,,,,,,,,,,,"{u'frames': [{u'track': u'127', u'id': u'127A_06093_000006'}], u'region': u'eastern_asia'}"
1506,yokodake,yokodake,,,,,,,,,,,,,"{u'frames': [{u'track': u'39', u'id': u'039A_05373_131313'}, {u'track': u'46', u'id': u'046D_05469_071311'}, {u'track': u'119', u'id': u'119D_05371_131313'}], u'region': u'eastern_asia'}"
1507,yonemaru-sumiyoshiike,yonemaru-sumiyoshiike,,,,,,,,,,,,,"{u'frames': [{u'track': u'163', u'id': u'163D_05736_131313'}], u'region': u'eastern_asia'}"
1508,yoteizan,yoteizan,,,,,,,,,,,,,"{u'frames': [{u'track': u'46', u'id': u'046D_04690_121308'}, {u'track': u'68', u'id': u'068A_04667_071312'}, {u'track': u'141', u'id': u'141A_04773_020709'}], u'region': u'eastern_asia'}"
1509,yufu-tsurumi,yufu-tsurumi,,,,,,,,,,,,,"{u'frames': [{u'track': u'156', u'id': u'156A_05639_121313'}, {u'track': u'163', u'id': u'163D_05736_131313'}], u'region': u'eastern_asia'}"
1510,zaozan,zaozan,,,,,,,,,,,,,"{u'frames': [{u'track': u'46', u'id': u'046D_05095_131313'}, {u'track': u'46', u'id': u'046D_05292_131313'}, {u'track': u'141', u'id': u'141A_05118_131311'}], u'region': u'eastern_asia'}"
